{"cameraMode":{"drawMode":0,"name":"Shaded","section":"Shading Mode"},"sceneLighting":true,"audioPlay":false,"sceneViewState":{"m_AlwaysRefresh":false,"showFog":true,"showSkybox":true,"showFlares":true,"showImageEffects":true,"showParticleSystems":true,"showVisualEffectGraphs":true,"m_FxEnabled":true},"in2DMode":false,"pivot":{"x":0.6042916774749756,"y":-1.2410962581634522,"z":-10.325431823730469},"rotation":{"x":-0.0014999978011474014,"y":0.0014999978011474014,"z":0.000002249998260595021,"w":0.9999977350234985},"size":7.860438823699951,"orthographic":true}